metric,value
lat_slope,0.0011799222065760069
lon_slope,0.00173695955824051
lat_r2,0.0015881163724778748
lon_r2,0.0026079869520140753
lat_p,0.7396156008491805
lon_p,0.6700900225991145
